store,category,channel,week,units
north,bakery,in_store,last_week,852
north,bakery,in_store,this_week,902
north,bakery,online,last_week,216
north,bakery,online,this_week,389
north,dairy,in_store,last_week,515
north,dairy,in_store,this_week,555
north,dairy,online,last_week,72
north,dairy,online,this_week,73
north,drinks,in_store,last_week,437
north,drinks,in_store,this_week,471
north,drinks,online,last_week,178
north,drinks,online,this_week,173
north,produce,in_store,last_week,834
north,produce,in_store,this_week,459
north,produce,online,last_week,122
north,produce,online,this_week,67
north,snacks,in_store,last_week,463
north,snacks,in_store,this_week,495
north,snacks,online,last_week,213
north,snacks,online,this_week,219
river,bakery,in_store,last_week,711
river,bakery,in_store,this_week,766
river,bakery,online,last_week,149
river,bakery,online,this_week,268
river,dairy,in_store,last_week,369
river,dairy,in_store,this_week,374
river,dairy,online,last_week,123
river,dairy,online,this_week,130
river,drinks,in_store,last_week,586
river,drinks,in_store,this_week,618
river,drinks,online,last_week,204
river,drinks,online,this_week,200
river,produce,in_store,last_week,585
river,produce,in_store,this_week,609
river,produce,online,last_week,88
river,produce,online,this_week,91
river,snacks,in_store,last_week,616
river,snacks,in_store,this_week,606
river,snacks,online,last_week,139
river,snacks,online,this_week,148
south,bakery,in_store,last_week,558
south,bakery,in_store,this_week,572
south,bakery,online,last_week,95
south,bakery,online,this_week,171
south,dairy,in_store,last_week,622
south,dairy,in_store,this_week,611
south,dairy,online,last_week,67
south,dairy,online,this_week,68
south,drinks,in_store,last_week,817
south,drinks,in_store,this_week,820
south,drinks,online,last_week,194
south,drinks,online,this_week,202
south,produce,in_store,last_week,783
south,produce,in_store,this_week,815
south,produce,online,last_week,191
south,produce,online,this_week,195
south,snacks,in_store,last_week,640
south,snacks,in_store,this_week,657
south,snacks,online,last_week,77
south,snacks,online,this_week,75
