sale_date,store,units
2026-06-29,north,194
2026-06-29,south,148
2026-06-30,north,182
2026-06-30,south,144
2026-07-01,north,196
2026-07-01,south,134
2026-07-02,north,203
2026-07-02,south,160
2026-07-03,north,231
2026-07-03,south,176
2026-07-04,north,266
2026-07-04,south,141
2026-07-05,north,215
2026-07-05,south,148
2026-07-06,north,183
2026-07-06,south,136
2026-07-07,north,171
2026-07-07,south,137
2026-07-08,north,192
2026-07-08,south,144
2026-07-09,north,209
2026-07-09,south,167
2026-07-10,north,226
2026-07-10,south,189
2026-07-11,north,276
2026-07-11,south,152
2026-07-12,north,213
2026-07-12,south,146
2026-07-13,north,190
2026-07-13,south,155
2026-07-14,north,177
2026-07-14,south,144
2026-07-15,north,197
2026-07-15,south,145
2026-07-16,north,215
2026-07-16,south,158
2026-07-17,north,236
2026-07-17,south,199
2026-07-18,north,263
2026-07-18,south,155
2026-07-19,north,226
2026-07-19,south,156
2026-07-20,north,185
2026-07-20,south,149
2026-07-21,north,190
2026-07-21,south,150
2026-07-22,north,192
2026-07-22,south,153
2026-07-23,north,210
2026-07-23,south,161
2026-07-24,north,246
2026-07-24,south,187
2026-07-25,north,277
2026-07-25,south,166
2026-07-26,north,226
2026-07-26,south,147
2026-07-27,north,191
2026-07-27,south,152
2026-07-28,north,181
2026-07-28,south,150
2026-07-29,north,194
2026-07-29,south,153
2026-07-30,north,212
2026-07-30,south,164
2026-07-31,north,244
2026-07-31,south,209
2026-08-01,north,276
2026-08-01,south,158
2026-08-02,north,227
2026-08-02,south,170
2026-08-03,north,197
2026-08-03,south,143
2026-08-04,north,185
2026-08-04,south,154
2026-08-05,north,201
2026-08-05,south,148
2026-08-06,north,216
2026-08-06,south,166
2026-08-07,north,245
2026-08-07,south,200
2026-08-08,north,279
2026-08-08,south,167
2026-08-09,north,238
2026-08-09,south,154
2026-08-10,north,194
2026-08-10,south,151
2026-08-11,north,195
2026-08-11,south,149
2026-08-12,north,197
2026-08-12,south,155
2026-08-13,north,218
2026-08-13,south,164
2026-08-14,north,248
2026-08-14,south,205
2026-08-15,north,292
2026-08-15,south,162
2026-08-16,north,231
2026-08-16,south,156
2026-08-17,north,191
2026-08-17,south,158
2026-08-18,north,191
2026-08-18,south,155
2026-08-19,north,212
2026-08-19,south,171
2026-08-20,north,224
2026-08-20,south,179
2026-08-21,north,250
2026-08-21,south,204
2026-08-22,north,289
2026-08-22,south,159
2026-08-23,north,241
2026-08-23,south,160
2026-08-24,north,197
2026-08-24,south,162
2026-08-25,north,195
2026-08-25,south,162
2026-08-26,north,205
2026-08-26,south,165
2026-08-27,north,228
2026-08-27,south,171
2026-08-28,north,262
2026-08-28,south,214
2026-08-29,north,288
2026-08-29,south,168
2026-08-30,north,240
2026-08-30,south,154
2026-08-31,north,198
2026-08-31,south,153
2026-09-01,north,197
2026-09-01,south,170
2026-09-02,north,205
2026-09-02,south,174
2026-09-03,north,235
2026-09-03,south,177
2026-09-04,north,247
2026-09-04,south,218
2026-09-05,north,290
2026-09-05,south,163
2026-09-06,north,247
2026-09-06,south,169
2026-09-07,north,206
2026-09-07,south,164
2026-09-08,north,190
2026-09-08,south,168
2026-09-09,north,214
2026-09-09,south,163
2026-09-10,north,235
2026-09-10,south,185
2026-09-11,north,254
2026-09-11,south,213
2026-09-12,north,276
2026-09-12,south,170
2026-09-13,north,240
2026-09-13,south,163
2026-09-14,north,215
2026-09-14,south,170
2026-09-15,north,219
2026-09-15,south,165
2026-09-16,north,210
2026-09-16,south,169
2026-09-17,north,231
2026-09-17,south,180
2026-09-18,north,264
2026-09-18,south,210
2026-09-19,north,309
2026-09-19,south,181
2026-09-20,north,259
2026-09-20,south,157
