lane,read_at,scan_counter
lane-1,2026-10-06 07:00:00,4915
lane-1,2026-10-06 07:15:00,4939
lane-1,2026-10-06 07:30:00,4963
lane-1,2026-10-06 07:45:00,4978
lane-1,2026-10-06 08:00:00,4996
lane-1,2026-10-06 08:15:00,5012
lane-1,2026-10-06 08:30:00,5035
lane-1,2026-10-06 08:45:00,5059
lane-1,2026-10-06 09:00:00,5076
lane-1,2026-10-06 09:15:00,5092
lane-1,2026-10-06 09:30:00,5108
lane-1,2026-10-06 09:45:00,5136
lane-1,2026-10-06 10:00:00,5173
lane-1,2026-10-06 10:15:00,5207
lane-1,2026-10-06 10:30:00,5247
lane-1,2026-10-06 10:45:00,5292
lane-1,2026-10-06 11:00:00,5332
lane-1,2026-10-06 11:15:00,5372
lane-1,2026-10-06 11:30:00,5430
lane-1,2026-10-06 11:45:00,5479
lane-1,2026-10-06 12:00:00,5543
lane-1,2026-10-06 12:15:00,5610
lane-1,2026-10-06 12:30:00,5657
lane-1,2026-10-06 12:45:00,5718
lane-1,2026-10-06 13:00:00,5775
lane-1,2026-10-06 13:15:00,5816
lane-1,2026-10-06 13:30:00,5865
lane-1,2026-10-06 13:45:00,5894
lane-1,2026-10-06 14:00:00,5921
lane-2,2026-10-06 07:00:00,1944
lane-2,2026-10-06 07:15:00,1958
lane-2,2026-10-06 07:30:00,1975
lane-2,2026-10-06 07:45:00,1990
lane-2,2026-10-06 08:00:00,2010
lane-2,2026-10-06 08:15:00,2035
lane-2,2026-10-06 08:30:00,2057
lane-2,2026-10-06 08:45:00,2073
lane-2,2026-10-06 09:00:00,2097
lane-2,2026-10-06 09:15:00,2120
lane-2,2026-10-06 09:30:00,2146
lane-2,2026-10-06 09:45:00,2178
lane-2,2026-10-06 10:00:00,2211
lane-2,2026-10-06 10:15:00,25
lane-2,2026-10-06 10:30:00,61
lane-2,2026-10-06 10:45:00,95
lane-2,2026-10-06 11:00:00,144
lane-2,2026-10-06 11:15:00,185
lane-2,2026-10-06 11:30:00,243
lane-2,2026-10-06 11:45:00,289
lane-2,2026-10-06 12:00:00,348
lane-2,2026-10-06 12:15:00,408
lane-2,2026-10-06 12:30:00,452
lane-2,2026-10-06 12:45:00,494
lane-2,2026-10-06 13:00:00,540
lane-2,2026-10-06 13:15:00,583
lane-2,2026-10-06 13:30:00,630
lane-2,2026-10-06 13:45:00,671
lane-2,2026-10-06 14:00:00,704
lane-3,2026-10-06 07:00:00,4699
lane-3,2026-10-06 07:15:00,4718
lane-3,2026-10-06 07:30:00,4738
lane-3,2026-10-06 07:45:00,4763
lane-3,2026-10-06 08:00:00,4785
lane-3,2026-10-06 08:15:00,4804
lane-3,2026-10-06 08:30:00,4820
lane-3,2026-10-06 08:45:00,4837
lane-3,2026-10-06 09:00:00,4859
lane-3,2026-10-06 09:15:00,4874
lane-3,2026-10-06 09:30:00,4902
lane-3,2026-10-06 09:45:00,4924
lane-3,2026-10-06 10:00:00,4959
lane-3,2026-10-06 10:15:00,4987
lane-3,2026-10-06 10:30:00,5031
lane-3,2026-10-06 10:45:00,5073
lane-3,2026-10-06 11:00:00,5113
lane-3,2026-10-06 11:15:00,5156
lane-3,2026-10-06 11:30:00,5206
lane-3,2026-10-06 11:45:00,5257
lane-3,2026-10-06 12:00:00,5303
lane-3,2026-10-06 12:15:00,5348
lane-3,2026-10-06 12:30:00,5400
lane-3,2026-10-06 12:45:00,5461
lane-3,2026-10-06 13:00:00,5510
lane-3,2026-10-06 13:15:00,5542
lane-3,2026-10-06 13:30:00,5590
lane-3,2026-10-06 13:45:00,5632
lane-3,2026-10-06 14:00:00,5675
lane-4,2026-10-06 07:00:00,1783
lane-4,2026-10-06 07:15:00,1808
lane-4,2026-10-06 07:30:00,1823
lane-4,2026-10-06 07:45:00,1843
lane-4,2026-10-06 08:00:00,1857
lane-4,2026-10-06 08:15:00,1878
lane-4,2026-10-06 08:30:00,1900
lane-4,2026-10-06 08:45:00,1924
lane-4,2026-10-06 09:00:00,24
lane-4,2026-10-06 09:15:00,44
lane-4,2026-10-06 09:30:00,71
lane-4,2026-10-06 09:45:00,92
lane-4,2026-10-06 10:00:00,115
lane-4,2026-10-06 10:15:00,153
lane-4,2026-10-06 10:30:00,185
lane-4,2026-10-06 10:45:00,227
lane-4,2026-10-06 11:00:00,256
lane-4,2026-10-06 11:15:00,295
lane-4,2026-10-06 11:30:00,332
lane-4,2026-10-06 11:45:00,386
lane-4,2026-10-06 12:00:00,425
lane-4,2026-10-06 12:15:00,2
lane-4,2026-10-06 12:30:00,39
lane-4,2026-10-06 12:45:00,94
lane-4,2026-10-06 13:00:00,126
lane-4,2026-10-06 13:15:00,162
lane-4,2026-10-06 13:30:00,210
lane-4,2026-10-06 13:45:00,239
lane-4,2026-10-06 14:00:00,267
self-checkout,2026-10-06 07:00:00,3832
self-checkout,2026-10-06 07:15:00,3851
self-checkout,2026-10-06 07:30:00,3880
self-checkout,2026-10-06 07:45:00,3912
self-checkout,2026-10-06 08:00:00,3935
self-checkout,2026-10-06 08:15:00,3970
self-checkout,2026-10-06 08:30:00,3989
self-checkout,2026-10-06 08:45:00,4024
self-checkout,2026-10-06 09:00:00,4054
self-checkout,2026-10-06 09:15:00,4086
self-checkout,2026-10-06 09:30:00,4113
self-checkout,2026-10-06 09:45:00,4148
self-checkout,2026-10-06 10:00:00,4183
self-checkout,2026-10-06 10:15:00,4228
self-checkout,2026-10-06 10:30:00,4279
self-checkout,2026-10-06 10:45:00,4317
self-checkout,2026-10-06 11:00:00,4365
self-checkout,2026-10-06 11:15:00,12
self-checkout,2026-10-06 11:30:00,90
self-checkout,2026-10-06 11:45:00,167
self-checkout,2026-10-06 12:00:00,238
self-checkout,2026-10-06 12:15:00,302
self-checkout,2026-10-06 12:30:00,381
self-checkout,2026-10-06 12:45:00,442
self-checkout,2026-10-06 13:00:00,491
self-checkout,2026-10-06 13:15:00,549
self-checkout,2026-10-06 13:30:00,618
self-checkout,2026-10-06 13:45:00,658
self-checkout,2026-10-06 14:00:00,708
