scanned_at,lane,barcode
2026-10-07 07:01:24,lane-1,5449000000996
2026-10-07 07:02:12,self-checkout,3274080005003
2026-10-07 07:03:07,self-checkout,3175680011480
2026-10-07 07:06:48,lane-1,4008400402222
2026-10-07 07:06:58,self-checkout,012000161155
2026-10-07 07:08:11,self-checkout,7622210449283
2026-10-07 07:10:44,lane-3,3175680011480
2026-10-07 07:11:38,lane-1,036000291452
2026-10-07 07:12:36,lane-3,5000159484695
2026-10-07 07:12:40,lane-2,4008400402222
2026-10-07 07:13:50,lane-1,3017620422003
2026-10-07 07:21:00,lane-1,4008400402222
2026-10-07 07:24:54,lane-1,4008400402222
2026-10-07 07:28:17,self-checkout,3033490004743
2026-10-07 07:31:34,lane-1,5449000000996
2026-10-07 07:34:58,lane-2,3506070472888
2026-10-07 07:36:02,lane-2,036000291452
2026-10-07 07:37:04,lane-2,5449000000996
2026-10-07 07:38:09,lane-3,3175680011480
2026-10-07 07:39:44,lane-1,3560070472888
2026-10-07 07:40:18,lane-3,96385074
2026-10-07 07:43:38,lane-1,3017620422003
2026-10-07 07:45:28,lane-1,036000291452
2026-10-07 07:46:50,lane-3,3228857000852
2026-10-07 07:47:23,lane-2,7622210449283
2026-10-07 07:49:15,self-checkout,5000159484695
2026-10-07 07:51:11,lane-3,3017620422003
2026-10-07 07:51:22,self-checkout,3274080005003
2026-10-07 07:55:35,self-checkout,5449000000996
2026-10-07 07:55:56,lane-1,96385074
2026-10-07 07:57:15,lane-1,96385074
2026-10-07 07:57:38,lane-1,3560070472888
2026-10-07 07:57:54,lane-1,76222O0449283
2026-10-07 07:58:13,self-checkout,3033490004743
2026-10-07 07:58:54,self-checkout,317568001140
2026-10-07 08:03:43,self-checkout,50001?9484695
2026-10-07 08:03:57,lane-1,5449000000996
2026-10-07 08:04:21,self-checkout,3017620422003
2026-10-07 08:05:04,lane-1,7622210449283
2026-10-07 08:05:12,self-checkout,4008400402222
2026-10-07 08:05:15,lane-2,3560070472888
2026-10-07 08:06:07,lane-2,3228857000852
2026-10-07 08:06:44,lane-2,036000291452
2026-10-07 08:10:42,self-checkout,7622210449283
2026-10-07 08:17:08,lane-2,8000500310427
2026-10-07 08:17:08,lane-3,3175680011480
2026-10-07 08:17:33,lane-3,3033490004743
2026-10-07 08:19:04,lane-1,8000500310427
2026-10-07 08:28:49,lane-1,3560070472888
2026-10-07 08:29:14,lane-1,3560070472888
2026-10-07 08:29:28,lane-1,012000161155
2026-10-07 08:29:40,lane-3,3033490004743
2026-10-07 08:30:37,self-checkout,3033490004743
2026-10-07 08:33:34,self-checkout,5449000000996
2026-10-07 08:35:34,lane-1,3560070472888
2026-10-07 08:36:39,lane-3,96385074
2026-10-07 08:37:35,lane-2,3175680011480
2026-10-07 08:38:31,lane-3,012000161155
2026-10-07 08:38:55,lane-3,5000159484695
2026-10-07 08:39:01,lane-1,5000159484695
2026-10-07 08:39:03,self-checkout,32288O7000852
2026-10-07 08:41:01,lane-3,5449000000996
2026-10-07 08:41:05,lane-1,3033490004743
2026-10-07 08:43:12,lane-1,3274080005003
2026-10-07 08:44:07,lane-1,036000291452
2026-10-07 08:45:35,lane-1,4008400402222
2026-10-07 08:52:05,lane-2,3175680011480
2026-10-07 08:53:08,lane-2,4008400402222
2026-10-07 08:54:00,lane-2,012000161155
2026-10-07 09:03:59,self-checkout,3017620422003
2026-10-07 09:05:57,lane-1,3175680011480
2026-10-07 09:10:44,lane-1,3033490004743
2026-10-07 09:11:21,self-checkout,8000500310427
2026-10-07 09:12:53,lane-2,4008400402222
2026-10-07 09:13:47,lane-1,5000159484695
2026-10-07 09:15:26,lane-1,3017620422003
2026-10-07 09:17:19,self-checkout,4008400402222
2026-10-07 09:18:58,lane-1,5000159484695
2026-10-07 09:19:43,lane-2,7622210449283
2026-10-07 09:22:01,lane-1,5449000000996
2026-10-07 09:22:17,lane-2,5449000000996
2026-10-07 09:22:50,lane-3,3017620422003
2026-10-07 09:23:51,lane-3,5000159484695
2026-10-07 09:25:03,self-checkout,4008400402222
2026-10-07 09:25:41,lane-1,5449000000996
2026-10-07 09:26:30,lane-1,3017620422003
2026-10-07 09:28:38,lane-2,8000500310427
2026-10-07 09:32:55,self-checkout,4008400402222
2026-10-07 09:33:28,self-checkout,01000161155
2026-10-07 09:34:01,lane-3,3033490004743
2026-10-07 09:36:11,lane-2,3560070472888
2026-10-07 09:36:29,self-checkout,5000159484695
2026-10-07 09:42:48,lane-2,5449000000996
2026-10-07 09:42:57,lane-2,3228857000852
2026-10-07 09:46:12,self-checkout,5000159484695
2026-10-07 09:47:38,lane-2,036000291452
2026-10-07 09:48:53,lane-2,96385074
2026-10-07 09:49:21,self-checkout,3228857000852
2026-10-07 09:49:30,lane-3,3274080005003
2026-10-07 09:55:48,lane-1,3274080005003
2026-10-07 09:56:53,lane-3,5000159484695
2026-10-07 09:58:19,self-checkout,3017620422003
2026-10-07 09:58:20,lane-2,3033490004743
2026-10-07 10:00:33,lane-1,3228857000852
2026-10-07 10:03:56,self-checkout,036000291452
2026-10-07 10:05:24,self-checkout,3017620422003
2026-10-07 10:06:13,self-checkout,3274080005003
2026-10-07 10:07:16,lane-1,3228857000852
2026-10-07 10:09:32,lane-2,3017620422003
2026-10-07 10:09:56,lane-1,3560070472888
2026-10-07 10:11:01,lane-3,8000500310427
2026-10-07 10:11:04,self-checkout,5449000000996
2026-10-07 10:11:42,lane-3,3274080005003
2026-10-07 10:11:53,lane-3,4008400402222
2026-10-07 10:12:28,lane-1,7622210449283
2026-10-07 10:12:57,self-checkout,3560070472888
2026-10-07 10:13:05,lane-1,3175680011480
2026-10-07 10:20:17,lane-1,3175680011480
2026-10-07 10:20:27,lane-1,012000161155
2026-10-07 10:21:19,lane-3,3274080005003
2026-10-07 10:22:22,lane-1,32288I7000852
2026-10-07 10:23:04,self-checkout,3274080005003
2026-10-07 10:25:08,lane-2,96385074
2026-10-07 10:29:44,self-checkout,3017620242003
2026-10-07 10:30:10,lane-3,3228857000852
2026-10-07 10:33:16,lane-1,5449000000996
2026-10-07 10:33:59,lane-2,8000500310427
2026-10-07 10:35:43,lane-3,5449000000996
2026-10-07 10:37:12,lane-1,036000291452
2026-10-07 10:40:22,self-checkout,3274080005003
2026-10-07 10:41:33,lane-1,3228857000852
2026-10-07 10:42:14,lane-3,96385074
2026-10-07 10:45:27,lane-1,3033490004743
2026-10-07 10:51:34,self-checkout,3274080005003
2026-10-07 10:54:22,lane-3,3560070472888
2026-10-07 10:56:59,self-checkout,96385074
2026-10-07 10:57:26,lane-3,036000291452
2026-10-07 10:59:42,lane-2,012000161155
2026-10-07 11:00:45,self-checkout,3033490004743
2026-10-07 11:04:50,self-checkout,9638574
2026-10-07 11:05:06,lane-3,5449000000996
2026-10-07 11:05:49,lane-1,7622210449283
2026-10-07 11:05:55,lane-3,5000159484695
2026-10-07 11:06:07,lane-1,3274080005003
2026-10-07 11:08:29,lane-2,01200I161155
2026-10-07 11:10:44,lane-3,3560070472888
2026-10-07 11:10:53,lane-1,5000159484695
2026-10-07 11:12:26,lane-2,5000159484695
2026-10-07 11:16:14,lane-2,3274080005003
2026-10-07 11:17:00,lane-3,012000161155
2026-10-07 11:18:49,lane-3,3017620422003
2026-10-07 11:19:26,self-checkout,012000161155
2026-10-07 11:21:30,lane-3,036000291452
2026-10-07 11:24:28,lane-2,5000159484695
2026-10-07 11:26:34,lane-2,8000500310427
2026-10-07 11:34:39,self-checkout,3175680011480
2026-10-07 11:40:45,self-checkout,3017620422003
2026-10-07 11:41:20,self-checkout,012000161155
2026-10-07 11:41:46,lane-2,3274080005003
2026-10-07 11:42:19,lane-2,3033490004743
2026-10-07 11:43:47,lane-2,036000291452
2026-10-07 11:43:56,lane-1,3228857000852
2026-10-07 11:44:05,lane-3,5000159484695
2026-10-07 11:44:18,lane-1,012000161155
2026-10-07 11:44:56,lane-1,4008400402222
2026-10-07 11:46:47,lane-3,3274080005003
2026-10-07 11:50:03,lane-1,7622210449283
2026-10-07 11:51:15,lane-2,3228857000852
2026-10-07 11:51:39,self-checkout,3033490004743
2026-10-07 11:52:21,self-checkout,4008400402222
2026-10-07 11:56:11,lane-2,96385074
2026-10-07 11:56:33,lane-3,5449000000996
2026-10-07 12:00:23,lane-2,5000159484695
2026-10-07 12:00:45,lane-1,7622210449283
2026-10-07 12:00:46,lane-1,012000161155
2026-10-07 12:02:29,lane-1,3033490004743
2026-10-07 12:04:26,lane-3,7622210449283
2026-10-07 12:05:12,lane-1,036000291452
2026-10-07 12:07:27,lane-2,5000159484695
2026-10-07 12:09:03,lane-3,012000161155
2026-10-07 12:09:51,lane-1,3017620422003
2026-10-07 12:12:09,lane-3,036000291452
2026-10-07 12:12:19,lane-1,036000291452
2026-10-07 12:12:30,self-checkout,7622210449283
2026-10-07 12:13:05,lane-2,8000500310427
2026-10-07 12:15:11,lane-3,03600029152
2026-10-07 12:17:37,lane-2,036000291452
2026-10-07 12:18:41,lane-1,7622210449283
2026-10-07 12:18:50,lane-3,3175680011480
2026-10-07 12:21:42,lane-3,3228857000852
2026-10-07 12:22:53,lane-2,5449000000996
2026-10-07 12:25:52,lane-2,3274080005003
2026-10-07 12:29:23,lane-1,3017620422003
2026-10-07 12:29:39,lane-3,036000291452
2026-10-07 12:30:55,lane-1,3017620422003
2026-10-07 12:32:09,lane-2,3274080005003
2026-10-07 12:35:51,lane-3,5449000000996
2026-10-07 12:35:56,lane-3,3033490004743
2026-10-07 12:36:13,lane-3,5000159484695
2026-10-07 12:39:04,lane-1,8000500310427
2026-10-07 12:43:37,lane-1,8000500310427
2026-10-07 12:45:43,self-checkout,3017620422003
2026-10-07 12:45:44,self-checkout,3175680011480
2026-10-07 12:46:38,self-checkout,5449000000996
2026-10-07 12:54:09,lane-1,3560070472888
2026-10-07 12:57:41,lane-2,8000500310427
2026-10-07 13:01:20,lane-3,8000500310427
2026-10-07 13:04:27,lane-3,3033490004743
2026-10-07 13:04:52,lane-1,8000500310427
2026-10-07 13:05:59,self-checkout,3033490004743
2026-10-07 13:07:32,lane-3,3017620422003
2026-10-07 13:12:24,lane-3,3274080005003
2026-10-07 13:13:18,lane-2,012000161155
2026-10-07 13:14:37,lane-2,3033490004743
2026-10-07 13:14:48,lane-2,3017620432003
2026-10-07 13:19:55,self-checkout,3228857000852
2026-10-07 13:20:03,lane-1,3228857000852
2026-10-07 13:22:26,self-checkout,7622210449283
2026-10-07 13:24:22,lane-2,3228857000852
2026-10-07 13:27:37,lane-2,5449000000996
2026-10-07 13:28:16,lane-3,3175680011480
2026-10-07 13:28:21,lane-1,012000161155
2026-10-07 13:28:26,lane-3,3033490004743
2026-10-07 13:29:14,lane-1,3017620422003
2026-10-07 13:32:53,lane-3,3033490004743
2026-10-07 13:35:35,self-checkout,4008400402222
2026-10-07 13:36:48,lane-2,3560070472888
2026-10-07 13:36:53,lane-3,4008400402222
2026-10-07 13:37:59,lane-1,3560070472888
2026-10-07 13:42:01,lane-3,036000291452
2026-10-07 13:45:26,lane-1,8000500310427
2026-10-07 13:45:30,lane-3,3560070472888
2026-10-07 13:48:23,lane-2,4008400402222
2026-10-07 13:49:03,lane-3,5449000000996
2026-10-07 13:50:17,lane-1,4008400402222
2026-10-07 13:52:26,lane-1,012000161155
2026-10-07 13:56:02,lane-3,3175680011480
2026-10-07 13:57:20,self-checkout,96385074
2026-10-07 13:59:12,self-checkout,8000500310427
2026-10-07 13:59:25,lane-1,3274080005003
