scanned_at,barcode,category,health_score
2026-10-05 07:22:53,4008400402222,snacks,40
2026-10-05 07:33:53,3017620422003,spreads,22
2026-10-05 07:39:47,8000500310427,snacks,27
2026-10-05 07:47:59,3175680011480,breakfast,58
2026-10-05 08:00:13,4008400402222,snacks,40
2026-10-05 08:03:07,7622210449283,snacks,31
2026-10-05 08:06:15,3560070472888,produce,97
2026-10-05 08:15:34,3228857000852,bakery,64
2026-10-05 08:23:55,3033490004743,dairy,78
2026-10-05 08:26:11,8000500310427,snacks,27
2026-10-05 08:29:41,3274080005003,drinks,96
2026-10-05 08:48:08,5449000000996,drinks,18
2026-10-05 08:58:10,3228857000852,bakery,64
2026-10-05 09:08:00,7622210449283,snacks,31
2026-10-05 09:39:28,3560070472888,produce,97
2026-10-05 09:49:10,3274080005003,drinks,96
2026-10-05 09:55:13,3017620422003,spreads,22
2026-10-05 09:55:18,7622210449283,snacks,31
2026-10-05 10:12:19,3228857000852,bakery,64
2026-10-05 10:13:44,7622210449283,snacks,31
2026-10-05 10:20:34,3274080005003,drinks,96
2026-10-05 10:56:40,3175680011480,breakfast,58
2026-10-05 11:00:43,3560070472888,produce,97
2026-10-05 11:01:26,5000159484695,snacks,35
2026-10-05 11:04:19,5000159484695,snacks,35
2026-10-05 11:10:16,7622210449283,snacks,31
2026-10-05 11:45:04,5000159484695,snacks,35
2026-10-05 11:52:37,3560070472888,produce,97
2026-10-05 12:00:02,3033490004743,dairy,78
2026-10-05 12:03:01,8000500310427,snacks,27
2026-10-05 12:19:44,3033490004743,dairy,78
2026-10-05 12:19:52,5000159484695,snacks,35
2026-10-05 12:20:30,7622210449283,snacks,31
2026-10-05 12:24:53,3560070472888,produce,97
2026-10-05 12:25:35,3017620422003,spreads,22
2026-10-05 12:30:11,4008400402222,snacks,40
2026-10-05 12:47:54,5000159484695,snacks,35
2026-10-05 12:50:23,3228857000852,bakery,64
2026-10-05 13:12:48,5449000000996,drinks,18
2026-10-05 13:15:22,3033490004743,dairy,78
2026-10-05 13:32:57,5000159484695,snacks,35
2026-10-05 13:33:49,8000500310427,snacks,27
2026-10-05 13:45:39,7622210449283,snacks,31
