week_index,fiscal_year,fiscal_week,store,units
1,2026,49,north,3151
1,2026,49,south,2257
2,2026,50,north,3193
2,2026,50,south,2295
3,2026,51,north,3219
3,2026,51,south,2392
4,2026,52,north,3243
4,2026,52,south,1740
5,2027,1,north,3206
5,2027,1,south,2476
6,2027,2,north,3187
6,2027,2,south,2259
7,2027,3,north,4525
7,2027,3,south,2383
8,2027,4,north,3274
8,2027,4,south,2339
9,2027,5,north,3254
9,2027,5,south,2301
10,2027,6,north,3330
10,2027,6,south,3229
11,2027,7,north,3140
11,2027,7,south,2407
12,2027,8,north,3244
12,2027,8,south,2546
13,2027,9,north,3199
13,2027,9,south,2433
